{
  "test_dish_ids": [
    "1556572657",
    "1556573514",
    "1556575014"
  ],
  "results": [
    {
      "dish_id": "1556572657",
      "pretrained": {
        "volume_ml": 0.0,
        "absrel": NaN,
        "rmse_m": NaN,
        "stats": {}
      },
      "finetuned": {
        "volume_ml": 0.0,
        "absrel": NaN,
        "rmse_m": NaN,
        "stats": {}
      },
      "ground_truth": {
        "volume_ml": 0.0,
        "stats": {}
      },
      "improvements": {
        "absrel_reduction": 0,
        "rmse_reduction": 0,
        "volume_error_pre": 0.0,
        "volume_error_ft": 0.0,
        "volume_error_reduction": 0
      }
    },
    {
      "dish_id": "1556573514",
      "pretrained": {
        "volume_ml": 2698741.543107198,
        "absrel": 0.98988938331604,
        "rmse_m": 0.37690025568008423,
        "stats": {
          "depth_min": 0.6728319525718689,
          "depth_max": 2.2573108673095703,
          "depth_mean": 0.7528274059295654,
          "height_mean": 11.54576301574707,
          "height_max": 22.002885818481445,
          "num_pixels": 247088,
          "plane_params": [
            -0.03439012959999892,
            0.000150382559746737,
            -0.9994084732336328,
            0.7866260375896112
          ]
        }
      },
      "finetuned": {
        "volume_ml": 319855.300108819,
        "absrel": 0.009710066020488739,
        "rmse_m": 0.006306446623057127,
        "stats": {
          "depth_min": 0.3263338804244995,
          "depth_max": 0.44563740491867065,
          "depth_mean": 0.3769528269767761,
          "height_mean": 5.845127105712891,
          "height_max": 16.668193817138672,
          "num_pixels": 247088,
          "plane_params": [
            0.026041018625979035,
            -0.013337801822347131,
            0.9995718925577436,
            -0.3939978231766983
          ]
        }
      },
      "ground_truth": {
        "volume_ml": 604.8165093108918,
        "stats": {
          "depth_min": 0.26170000433921814,
          "depth_max": 0.43479999899864197,
          "depth_mean": 0.3791775107383728,
          "height_mean": 0.014308148995041847,
          "height_max": 0.06220000982284546,
          "num_pixels": 247088,
          "plane_params": [
            0.0,
            0.0,
            1.0,
            -0.3725999891757965
          ]
        }
      },
      "improvements": {
        "absrel_reduction": 99.01907348632812,
        "rmse_reduction": 98.3267593383789,
        "volume_error_pre": 2698136.726597887,
        "volume_error_ft": 319250.48359950806,
        "volume_error_reduction": 88.1677425590639
      }
    },
    {
      "dish_id": "1556575014",
      "pretrained": {
        "volume_ml": 69000693.34516329,
        "absrel": 0.835673987865448,
        "rmse_m": 0.3178546726703644,
        "stats": {
          "depth_min": 0.6073771119117737,
          "depth_max": 1.6513898372650146,
          "depth_mean": 0.6951223015785217,
          "height_mean": 342.9485168457031,
          "height_max": 657.6952514648438,
          "num_pixels": 249766,
          "plane_params": [
            -0.7173742550184995,
            0.014871222521799341,
            -0.6965292707254735,
            0.8033209334871022
          ]
        }
      },
      "finetuned": {
        "volume_ml": 1917719.9073322238,
        "absrel": 0.007511847652494907,
        "rmse_m": 0.004032117314636707,
        "stats": {
          "depth_min": 0.34049010276794434,
          "depth_max": 0.4223927855491638,
          "depth_mean": 0.3772464394569397,
          "height_mean": 32.0284423828125,
          "height_max": 60.89808654785156,
          "num_pixels": 249766,
          "plane_params": [
            -0.08591116604965392,
            -0.011952828283483182,
            -0.9962310984124187,
            0.36762179068711304
          ]
        }
      },
      "ground_truth": {
        "volume_ml": 729.5989907621639,
        "stats": {
          "depth_min": 0.34139999747276306,
          "depth_max": 0.42260000109672546,
          "depth_mean": 0.3792574107646942,
          "height_mean": 0.014713282696902752,
          "height_max": 0.05230000615119934,
          "num_pixels": 249766,
          "plane_params": [
            0.0,
            0.0,
            1.0,
            -0.3702999949455261
          ]
        }
      },
      "improvements": {
        "absrel_reduction": 99.10110473632812,
        "rmse_reduction": 98.73146057128906,
        "volume_error_pre": 68999963.74617252,
        "volume_error_ft": 1916990.3083414617,
        "volume_error_reduction": 97.22175171657565
      }
    }
  ],
  "summary": {
    "avg_absrel_reduction": 66.04005940755208,
    "avg_rmse_reduction": 65.68607330322266,
    "avg_volume_error_reduction": 61.79649809187985
  }
}