{
  "test_dish_ids": [
    "1556572657",
    "1556573514",
    "1556575014"
  ],
  "results": [
    {
      "dish_id": "1556572657",
      "pretrained": {
        "volume_ml": 0.0,
        "absrel": NaN,
        "rmse_m": NaN,
        "stats": {}
      },
      "finetuned": {
        "volume_ml": 0.0,
        "absrel": NaN,
        "rmse_m": NaN,
        "stats": {}
      },
      "ground_truth": {
        "volume_ml": 0.0,
        "stats": {}
      },
      "improvements": {
        "absrel_reduction": 0,
        "rmse_reduction": 0,
        "volume_error_pre": 0.0,
        "volume_error_ft": 0.0,
        "volume_error_reduction": 0
      }
    },
    {
      "dish_id": "1556573514",
      "pretrained": {
        "volume_ml": 0.0,
        "absrel": 0.98988938331604,
        "rmse_m": 0.37690025568008423,
        "stats": {
          "depth_min": 0.6728319525718689,
          "depth_max": 2.2573108673095703,
          "depth_mean": 0.7528274059295654,
          "height_mean": 0.015178194269537926,
          "height_max": 0.0988338366150856,
          "num_pixels": 247088,
          "plane_params": [
            7.400273144090178e-05,
            4.030616310768155e-05,
            0.9999999964495044,
            -0.7923754008391478
          ]
        }
      },
      "finetuned": {
        "volume_ml": 0.0,
        "absrel": 0.009710066020488739,
        "rmse_m": 0.006306446623057127,
        "stats": {
          "depth_min": 0.3263338804244995,
          "depth_max": 0.44563740491867065,
          "depth_mean": 0.3769528269767761,
          "height_mean": 0.003317744703963399,
          "height_max": 0.03404271975159645,
          "num_pixels": 247088,
          "plane_params": [
            2.0210642538941776e-05,
            3.459451030398419e-05,
            -0.9999999991973749,
            0.3454258826662179
          ]
        }
      },
      "ground_truth": {
        "volume_ml": 0.0,
        "stats": {
          "depth_min": 0.26170000433921814,
          "depth_max": 0.43479999899864197,
          "depth_mean": 0.3791775107383728,
          "height_mean": 0.0032289542723447084,
          "height_max": 0.10177265852689743,
          "num_pixels": 247088,
          "plane_params": [
            1.3101571523897451e-05,
            2.7048405726756028e-05,
            -0.9999999995483663,
            0.3521676953869826
          ]
        }
      },
      "improvements": {
        "absrel_reduction": 99.01907348632812,
        "rmse_reduction": 98.3267593383789,
        "volume_error_pre": 0.0,
        "volume_error_ft": 0.0,
        "volume_error_reduction": 0
      }
    },
    {
      "dish_id": "1556575014",
      "pretrained": {
        "volume_ml": 0.0,
        "absrel": 0.835673987865448,
        "rmse_m": 0.3178546726703644,
        "stats": {
          "depth_min": 0.6073771119117737,
          "depth_max": 1.6513898372650146,
          "depth_mean": 0.6951223015785217,
          "height_mean": 0.01773064397275448,
          "height_max": 0.11897272616624832,
          "num_pixels": 249766,
          "plane_params": [
            8.609534112502402e-05,
            -4.981091341142197e-06,
            0.9999999962813905,
            -0.7341845079106443
          ]
        }
      },
      "finetuned": {
        "volume_ml": 0.0,
        "absrel": 0.007511847652494907,
        "rmse_m": 0.004032117314636707,
        "stats": {
          "depth_min": 0.34049010276794434,
          "depth_max": 0.4223927855491638,
          "depth_mean": 0.3772464394569397,
          "height_mean": 0.0017203717725351453,
          "height_max": 0.02324592135846615,
          "num_pixels": 249766,
          "plane_params": [
            -2.0420976975475154e-05,
            -8.147463664982855e-05,
            0.9999999964724335,
            -0.33206500880116996
          ]
        }
      },
      "ground_truth": {
        "volume_ml": 0.0,
        "stats": {
          "depth_min": 0.34139999747276306,
          "depth_max": 0.42260000109672546,
          "depth_mean": 0.3792574107646942,
          "height_mean": 0.0022607999853789806,
          "height_max": 0.023680271580815315,
          "num_pixels": 249766,
          "plane_params": [
            2.3716711293449587e-05,
            -5.0388789869553606e-05,
            0.9999999984492438,
            -0.3608675257541945
          ]
        }
      },
      "improvements": {
        "absrel_reduction": 99.10110473632812,
        "rmse_reduction": 98.73146057128906,
        "volume_error_pre": 0.0,
        "volume_error_ft": 0.0,
        "volume_error_reduction": 0
      }
    }
  ],
  "summary": {
    "avg_absrel_reduction": 66.04005940755208,
    "avg_rmse_reduction": 65.68607330322266,
    "avg_volume_error_reduction": 0.0
  }
}